-- phpMyAdmin SQL Dump
-- version 5.1.1
-- https://www.phpmyadmin.net/
--
-- 主机： 127.0.0.1
-- 生成日期： 2023-06-26 12:07:14
-- 服务器版本： 10.4.22-MariaDB
-- PHP 版本： 7.4.27
use people_data;
SET SQL_MODE = "NO_AUTO_VALUE_ON_ZERO";
START TRANSACTION;
SET time_zone = "+00:00";


/*!40101 SET @OLD_CHARACTER_SET_CLIENT=@@CHARACTER_SET_CLIENT */;
/*!40101 SET @OLD_CHARACTER_SET_RESULTS=@@CHARACTER_SET_RESULTS */;
/*!40101 SET @OLD_COLLATION_CONNECTION=@@COLLATION_CONNECTION */;
/*!40101 SET NAMES utf8mb4 */;

--
-- 数据库： `people_data`
--

-- --------------------------------------------------------

--
-- 表的结构 `age`
--

CREATE TABLE `age` (
  `地区` varchar(9) NOT NULL,
  `二十` int(20) DEFAULT NULL,
  `四十` int(20) DEFAULT NULL,
  `六十` int(20) DEFAULT NULL,
  `八十` int(20) DEFAULT NULL,
  `一百` int(20) DEFAULT NULL,
  `一百岁以上` int(20) DEFAULT NULL
) ENGINE=InnoDB DEFAULT CHARSET=utf8;

--
-- 转存表中的数据 `age`
--

INSERT INTO `age` (`地区`, `二十`, `四十`, `六十`, `八十`, `一百`, `一百岁以上`) VALUES
('上    海', 300396, 854297, 691747, 488717, 80164, 284),
('北    京', 297083, 743397, 622421, 368097, 59811, 94),
('四    川', 1906002, 2280204, 2862889, 1574152, 243092, 592),
('广    东', 2762657, 4422911, 3317751, 1240977, 201851, 673),
('河    南', 2889325, 2453983, 2674442, 1497708, 209064, 707),
('浙    江', 1121485, 2028179, 2141514, 1010073, 166238, 302),
('黑 龙 江', 433170, 716679, 1109190, 609379, 67168, 100);

-- --------------------------------------------------------

--
-- 表的结构 `age_sex`
--

CREATE TABLE `age_sex` (
  `年龄` varchar(9) NOT NULL,
  `男` int(20) DEFAULT NULL,
  `女` int(20) DEFAULT NULL
) ENGINE=InnoDB DEFAULT CHARSET=utf8;

--
-- 转存表中的数据 `age_sex`
--

INSERT INTO `age_sex` (`年龄`, `男`, `女`) VALUES
('0-4岁', 3889780, 3496963),
('10-14岁', 4389078, 3819502),
('15-19岁', 4137501, 3650914),
('20-24岁', 3799538, 3503735),
('25-29岁', 4611843, 4282074),
('30-34岁', 6354314, 6044337),
('35-39岁', 5108028, 4807252),
('40-44岁', 4758438, 4487894),
('45-49岁', 5774455, 5511824),
('5-9岁', 4687234, 4113798),
('50-54岁', 6019802, 5906378),
('55-59岁', 4986030, 4994132),
('60-64岁', 3611534, 3600797),
('65-69岁', 3557071, 3703942),
('70-74岁', 2341892, 2471755),
('75-79岁', 1409194, 1571314),
('80-84岁', 856619, 1041131),
('85-89岁', 398907, 574911),
('90-94岁', 115437, 197409),
('95-99岁', 19576, 44050);

-- --------------------------------------------------------

--
-- 表的结构 `birth_death`
--

CREATE TABLE `birth_death` (
  `地区` varchar(9) NOT NULL,
  `死亡人数` int(20) DEFAULT NULL,
  `出生人数` int(20) DEFAULT NULL
) ENGINE=InnoDB DEFAULT CHARSET=utf8;

--
-- 转存表中的数据 `birth_death`
--

INSERT INTO `birth_death` (`地区`, `死亡人数`, `出生人数`) VALUES
('上    海', 129033, 15333),
('北    京', 100439, 16828),
('四    川', 524988, 71023),
('广    东', 457665, 138419),
('河    南', 530210, 88569),
('浙    江', 306953, 49119),
('黑 龙 江', 216231, 13274);

-- --------------------------------------------------------

--
-- 表的结构 `education`
--

CREATE TABLE `education` (
  `学历` varchar(10) DEFAULT NULL,
  `人数` int(20) DEFAULT NULL
) ENGINE=InnoDB DEFAULT CHARSET=utf8;

--
-- 转存表中的数据 `education`
--

INSERT INTO `education` (`学历`, `人数`) VALUES
('小学', 19577602),
('初中', 39741031),
('高中', 16273490),
('大学专科', 9730020),
('大学本科', 7652874),
('硕士研究生', 787672),
('博士研究生', 94335);

-- --------------------------------------------------------

--
-- 表的结构 `marriage`
--

CREATE TABLE `marriage` (
  `地区` varchar(9) NOT NULL,
  `未婚` int(20) DEFAULT NULL,
  `有配偶` int(20) DEFAULT NULL,
  `离婚` int(20) DEFAULT NULL,
  `丧偶` int(20) DEFAULT NULL
) ENGINE=InnoDB DEFAULT CHARSET=utf8;

--
-- 转存表中的数据 `marriage`
--

INSERT INTO `marriage` (`地区`, `未婚`, `有配偶`, `离婚`, `丧偶`) VALUES
('上    海', 440417, 1577333, 67360, 98840),
('北    京', 385045, 1338026, 52412, 76519),
('四    川', 1424843, 5334325, 218471, 489011),
('广    东', 2654005, 6632968, 174396, 365231),
('河    南', 1507912, 5469220, 111929, 443644),
('浙    江', 1013698, 4228430, 129742, 260681),
('黑 龙 江', 430665, 1902857, 127842, 176538);

-- --------------------------------------------------------

--
-- 表的结构 `people`
--

CREATE TABLE `people` (
  `地区` varchar(16) NOT NULL,
  `y2021` int(16) NOT NULL,
  `y2020` int(16) NOT NULL,
  `y2019` int(16) NOT NULL,
  `y2018` int(16) NOT NULL,
  `y2017` int(16) NOT NULL,
  `y2016` int(16) NOT NULL,
  `y2015` int(16) NOT NULL,
  `y2014` int(16) NOT NULL,
  `y2013` int(16) NOT NULL,
  `y2012` int(16) NOT NULL,
  `y2011` int(16) NOT NULL,
  `y2010` int(16) NOT NULL
) ENGINE=InnoDB DEFAULT CHARSET=utf8mb4;

--
-- 转存表中的数据 `people`
--

INSERT INTO `people` (`地区`, `y2021`, `y2020`, `y2019`, `y2018`, `y2017`, `y2016`, `y2015`, `y2014`, `y2013`, `y2012`, `y2011`, `y2010`) VALUES
('北京', 2189, 2189, 2190, 2192, 2194, 2195, 2188, 2171, 2125, 2078, 2024, 1962),
('天津', 1373, 1387, 1385, 1383, 1410, 1443, 1439, 1429, 1410, 1378, 1341, 1299),
('河北', 7448, 7464, 7447, 7426, 7409, 7375, 7345, 7323, 7288, 7262, 7232, 7194),
('山西', 3480, 3490, 3497, 3502, 3510, 3514, 3519, 3528, 3535, 3548, 3562, 3574),
('内蒙古', 2400, 2403, 2415, 2422, 2433, 2436, 2440, 2449, 2455, 2464, 2470, 2472),
('辽宁', 4229, 4255, 4277, 4291, 4312, 4327, 4338, 4358, 4365, 4375, 4379, 4375),
('吉林', 2375, 2399, 2448, 2484, 2526, 2567, 2613, 2642, 2668, 2698, 2725, 2747),
('黑龙江', 3125, 3171, 3255, 3327, 3399, 3463, 3529, 3608, 3666, 3724, 3782, 3833),
('上海', 2489, 2488, 2481, 2475, 2466, 2467, 2458, 2467, 2448, 2399, 2356, 2303),
('江苏', 8505, 8477, 8469, 8446, 8423, 8381, 8315, 8281, 8192, 8120, 8023, 7869),
('浙江', 6540, 6468, 6375, 6273, 6170, 6072, 5985, 5890, 5784, 5685, 5570, 5447),
('安徽', 6113, 6105, 6092, 6076, 6057, 6033, 6011, 5997, 5988, 5978, 5972, 5957),
('福建', 4187, 4161, 4137, 4104, 4065, 4016, 3984, 3945, 3885, 3841, 3784, 3693),
('江西', 4517, 4519, 4516, 4513, 4511, 4496, 4485, 4480, 4476, 4475, 4474, 4462),
('山东', 10170, 10165, 10106, 10077, 10033, 9973, 9866, 9808, 9746, 9708, 9665, 9588),
('河南', 9883, 9941, 9901, 9864, 9829, 9778, 9701, 9645, 9573, 9532, 9461, 9405),
('湖北', 5830, 5745, 5927, 5917, 5904, 5885, 5850, 5816, 5798, 5781, 5760, 5728),
('湖南', 6622, 6645, 6640, 6635, 6633, 6625, 6615, 6611, 6600, 6590, 6581, 6570),
('广东', 12684, 12624, 12489, 12348, 12141, 11908, 11678, 11489, 11270, 11041, 10756, 10441),
('广西', 5037, 5019, 4982, 4947, 4907, 4857, 4811, 4770, 4731, 4694, 4655, 4610),
('海南', 1020, 1012, 995, 982, 972, 957, 945, 936, 920, 910, 890, 869),
('重庆', 3212, 3209, 3188, 3163, 3144, 3110, 3070, 3043, 3011, 2975, 2944, 2885),
('四川', 8372, 8371, 8351, 8321, 8289, 8251, 8196, 8139, 8109, 8085, 8064, 8045),
('贵州', 3852, 3858, 3848, 3822, 3803, 3758, 3708, 3677, 3632, 3587, 3530, 3479),
('云南', 4690, 4722, 4714, 4703, 4693, 4677, 4663, 4653, 4641, 4631, 4620, 4602),
('西藏', 366, 366, 361, 354, 349, 340, 330, 325, 317, 315, 309, 300),
('陕西', 3954, 3955, 3944, 3931, 3904, 3874, 3846, 3827, 3804, 3787, 3765, 3735),
('甘肃', 2490, 2501, 2509, 2515, 2522, 2520, 2523, 2531, 2537, 2550, 2552, 2560),
('青海', 594, 593, 590, 587, 586, 582, 577, 576, 571, 571, 568, 563),
('宁夏', 725, 721, 717, 710, 705, 695, 684, 678, 666, 659, 648, 633),
('新疆', 2589, 2590, 2559, 2520, 2480, 2428, 2385, 2325, 2285, 2253, 2225, 2185);

-- --------------------------------------------------------

--
-- 表的结构 `sex`
--

CREATE TABLE `sex` (
  `地区` varchar(9) NOT NULL,
  `性别比` float DEFAULT NULL
) ENGINE=InnoDB DEFAULT CHARSET=utf8;

--
-- 转存表中的数据 `sex`
--

INSERT INTO `sex` (`地区`, `性别比`) VALUES
('上    海', 106.55),
('北    京', 103.03),
('四    川', 101.59),
('广    东', 113.27),
('河    南', 99.87),
('浙    江', 110.09),
('黑 龙 江', 99.7);

--
-- 转储表的索引
--

--
-- 表的索引 `age`
--
ALTER TABLE `age`
  ADD PRIMARY KEY (`地区`);

--
-- 表的索引 `age_sex`
--
ALTER TABLE `age_sex`
  ADD PRIMARY KEY (`年龄`);

--
-- 表的索引 `birth_death`
--
ALTER TABLE `birth_death`
  ADD PRIMARY KEY (`地区`);

--
-- 表的索引 `marriage`
--
ALTER TABLE `marriage`
  ADD PRIMARY KEY (`地区`);

--
-- 表的索引 `sex`
--
ALTER TABLE `sex`
  ADD PRIMARY KEY (`地区`);
COMMIT;

/*!40101 SET CHARACTER_SET_CLIENT=@OLD_CHARACTER_SET_CLIENT */;
/*!40101 SET CHARACTER_SET_RESULTS=@OLD_CHARACTER_SET_RESULTS */;
/*!40101 SET COLLATION_CONNECTION=@OLD_COLLATION_CONNECTION */;
